0	テスト用小説テスト用小説テスト用小説テスト用小説テスト用小説テスト用小説テスト用小説テスト用小説テスト用小説テスト用小説テスト用小説テスト用小説テスト用小説テスト用小説テスト用小説テスト用小説テスト用小説テスト用小説テスト用小説テスト用小説0
1	テスト用小説テスト用小説テスト用小説テスト用小説テスト用小説テスト用小説テスト用小説テスト用小説テスト用小説テスト用小説テスト用小説テスト用小説テスト用小説テスト用小説テスト用小説テスト用小説テスト用小説テスト用小説テスト用小説テスト用小説1
2	テスト用小説テスト用小説テスト用小説テスト用小説テスト用小説テスト用小説テスト用小説テスト用小説テスト用小説テスト用小説テスト用小説テスト用小説テスト用小説テスト用小説テスト用小説テスト用小説テスト用小説テスト用小説テスト用小説テスト用小説2
3	テスト用小説テスト用小説テスト用小説テスト用小説テスト用小説テスト用小説テスト用小説テスト用小説テスト用小説テスト用小説テスト用小説テスト用小説テスト用小説テスト用小説テスト用小説テスト用小説テスト用小説テスト用小説テスト用小説テスト用小説3
4	テスト用小説テスト用小説テスト用小説テスト用小説テスト用小説テスト用小説テスト用小説テスト用小説テスト用小説テスト用小説テスト用小説テスト用小説テスト用小説テスト用小説テスト用小説テスト用小説テスト用小説テスト用小説テスト用小説テスト用小説4
5	テスト用小説テスト用小説テスト用小説テスト用小説テスト用小説テスト用小説テスト用小説テスト用小説テスト用小説テスト用小説テスト用小説テスト用小説テスト用小説テスト用小説テスト用小説テスト用小説テスト用小説テスト用小説テスト用小説テスト用小説5
6	テスト用小説テスト用小説テスト用小説テスト用小説テスト用小説テスト用小説テスト用小説テスト用小説テスト用小説テスト用小説テスト用小説テスト用小説テスト用小説テスト用小説テスト用小説テスト用小説テスト用小説テスト用小説テスト用小説テスト用小説6
7	テスト用小説テスト用小説テスト用小説テスト用小説テスト用小説テスト用小説テスト用小説テスト用小説テスト用小説テスト用小説テスト用小説テスト用小説テスト用小説テスト用小説テスト用小説テスト用小説テスト用小説テスト用小説テスト用小説テスト用小説7
8	テスト用小説テスト用小説テスト用小説テスト用小説テスト用小説テスト用小説テスト用小説テスト用小説テスト用小説テスト用小説テスト用小説テスト用小説テスト用小説テスト用小説テスト用小説テスト用小説テスト用小説テスト用小説テスト用小説テスト用小説8
9	テスト用小説テスト用小説テスト用小説テスト用小説テスト用小説テスト用小説テスト用小説テスト用小説テスト用小説テスト用小説テスト用小説テスト用小説テスト用小説テスト用小説テスト用小説テスト用小説テスト用小説テスト用小説テスト用小説テスト用小説9
10	テスト用小説テスト用小説テスト用小説テスト用小説テスト用小説テスト用小説テスト用小説テスト用小説テスト用小説テスト用小説テスト用小説テスト用小説テスト用小説テスト用小説テスト用小説テスト用小説テスト用小説テスト用小説テスト用小説テスト用小説10
11	テスト用小説テスト用小説テスト用小説テスト用小説テスト用小説テスト用小説テスト用小説テスト用小説テスト用小説テスト用小説テスト用小説テスト用小説テスト用小説テスト用小説テスト用小説テスト用小説テスト用小説テスト用小説テスト用小説テスト用小説11
12	テスト用小説テスト用小説テスト用小説テスト用小説テスト用小説テスト用小説テスト用小説テスト用小説テスト用小説テスト用小説テスト用小説テスト用小説テスト用小説テスト用小説テスト用小説テスト用小説テスト用小説テスト用小説テスト用小説テスト用小説12
13	テスト用小説テスト用小説テスト用小説テスト用小説テスト用小説テスト用小説テスト用小説テスト用小説テスト用小説テスト用小説テスト用小説テスト用小説テスト用小説テスト用小説テスト用小説テスト用小説テスト用小説テスト用小説テスト用小説テスト用小説13
14	テスト用小説テスト用小説テスト用小説テスト用小説テスト用小説テスト用小説テスト用小説テスト用小説テスト用小説テスト用小説テスト用小説テスト用小説テスト用小説テスト用小説テスト用小説テスト用小説テスト用小説テスト用小説テスト用小説テスト用小説14
15	テスト用小説テスト用小説テスト用小説テスト用小説テスト用小説テスト用小説テスト用小説テスト用小説テスト用小説テスト用小説テスト用小説テスト用小説テスト用小説テスト用小説テスト用小説テスト用小説テスト用小説テスト用小説テスト用小説テスト用小説15
